text,label
I bought footless compression tights for running,"Compression Calf Sleeves/Tights (footless), any length"
need to claim calf sleeves that don't cover my feet,"Compression Calf Sleeves/Tights (footless), any length"
compression calf sleeves I wear for circulation,"Compression Calf Sleeves/Tights (footless), any length"
purchased footless compression leggings from the pharmacy,"Compression Calf Sleeves/Tights (footless), any length"
my doctor told me to get compression tights without feet,"Compression Calf Sleeves/Tights (footless), any length"
where do I claim compression sleeves that are footless,"Compression Calf Sleeves/Tights (footless), any length"
got some calf compression sleeves for my leg swelling,"Compression Calf Sleeves/Tights (footless), any length"
bought open-toe compression tights,"Compression Calf Sleeves/Tights (footless), any length"
light compression stockings under 14 mmhg,"Compression Stockings, any length (up to 14 mmhg)"
I bought mild compression socks around 10 mmhg pressure,"Compression Stockings, any length (up to 14 mmhg)"
low pressure compression stockings for daily wear,"Compression Stockings, any length (up to 14 mmhg)"
support stockings with less than 14 mmhg compression,"Compression Stockings, any length (up to 14 mmhg)"
got some light compression hose about 12 mmhg,"Compression Stockings, any length (up to 14 mmhg)"
mild support stockings for long flights under 14mmhg,"Compression Stockings, any length (up to 14 mmhg)"
bought 8-14 mmhg compression stockings from shoppers,"Compression Stockings, any length (up to 14 mmhg)"
need to claim low-grade compression socks,"Compression Stockings, any length (up to 14 mmhg)"
custom-made compression stockings fitted at the clinic,"Compression Stockings, custom, any length"
my doctor ordered custom compression stockings for me,"Compression Stockings, custom, any length"
I got measured and had compression stockings custom made,"Compression Stockings, custom, any length"
prescription custom fitted compression socks,"Compression Stockings, custom, any length"
claiming custom compression stockings from a fitter,"Compression Stockings, custom, any length"
had stockings specially made to fit my legs,"Compression Stockings, custom, any length"
custom molded compression stockings from the orthotics place,"Compression Stockings, custom, any length"
"these are not off the shelf, they were custom made compression stockings","Compression Stockings, custom, any length"
knee high compression stockings 15-19 mmhg,"Compression Stockings, knee length (15-19 mmhg)"
bought knee length support socks rated 15 to 19 mmhg,"Compression Stockings, knee length (15-19 mmhg)"
claiming knee-high compression stockings at 18 mmhg,"Compression Stockings, knee length (15-19 mmhg)"
got some moderate compression knee socks about 15 mmhg,"Compression Stockings, knee length (15-19 mmhg)"
prescription knee length stockings 15-19 mmhg pressure,"Compression Stockings, knee length (15-19 mmhg)"
knee high compression hose around 17 mmhg,"Compression Stockings, knee length (15-19 mmhg)"
I need to submit a claim for knee length compression socks 15mmhg,"Compression Stockings, knee length (15-19 mmhg)"
purchased below-knee compression stockings rated 15-19,"Compression Stockings, knee length (15-19 mmhg)"
knee high compression stockings 20-30 mmhg,"Compression Stockings, knee length (20-29 mmhg)"
bought knee length medical compression socks rated 20-29 mmhg,"Compression Stockings, knee length (20-29 mmhg)"
my prescription says knee length stockings 25 mmhg,"Compression Stockings, knee length (20-29 mmhg)"
claiming knee-high compression stockings rated 20 to 29 mmhg,"Compression Stockings, knee length (20-29 mmhg)"
firm compression knee socks about 20 mmhg,"Compression Stockings, knee length (20-29 mmhg)"
knee length compression hose 20-29mmhg from the pharmacy,"Compression Stockings, knee length (20-29 mmhg)"
doctor prescribed knee high stockings at 25 mmhg pressure,"Compression Stockings, knee length (20-29 mmhg)"
need to claim knee-high 20-29 mmhg compression stockings,"Compression Stockings, knee length (20-29 mmhg)"
knee high compression stockings 30 mmhg or higher,"Compression Stockings, knee length (30 mmhg & over)"
I got high compression knee socks rated 30-40 mmhg,"Compression Stockings, knee length (30 mmhg & over)"
claiming strong compression knee length stockings over 30 mmhg,"Compression Stockings, knee length (30 mmhg & over)"
prescribed knee-high stockings at 35 mmhg for my varicose veins,"Compression Stockings, knee length (30 mmhg & over)"
knee length medical grade compression 30+ mmhg,"Compression Stockings, knee length (30 mmhg & over)"
extra firm knee high compression stockings 40 mmhg,"Compression Stockings, knee length (30 mmhg & over)"
bought knee-high compression socks rated above 30 mmhg,"Compression Stockings, knee length (30 mmhg & over)"
need to claim knee length stockings that are 30 mmhg and over,"Compression Stockings, knee length (30 mmhg & over)"
thigh high compression stockings 15-19 mmhg,"Compression Stockings, thigh/full (15-19 mmhg)"
bought full length compression stockings at 15 mmhg pressure,"Compression Stockings, thigh/full (15-19 mmhg)"
claiming thigh length support stockings 15-19 mmhg,"Compression Stockings, thigh/full (15-19 mmhg)"
got waist-high pantyhose compression stockings about 18 mmhg,"Compression Stockings, thigh/full (15-19 mmhg)"
thigh high moderate compression hose 15-19 mmhg,"Compression Stockings, thigh/full (15-19 mmhg)"
full length compression stockings rated 15 to 19,"Compression Stockings, thigh/full (15-19 mmhg)"
my thigh-high compression socks are 15mmhg,"Compression Stockings, thigh/full (15-19 mmhg)"
prescription thigh length stockings 15-19 mmhg,"Compression Stockings, thigh/full (15-19 mmhg)"
thigh high compression stockings 20-29 mmhg,"Compression Stockings, thigh/full (20-29 mmhg)"
bought full length firm compression stockings at 25 mmhg,"Compression Stockings, thigh/full (20-29 mmhg)"
claiming thigh length compression hose 20-29 mmhg,"Compression Stockings, thigh/full (20-29 mmhg)"
waist high pantyhose compression rated 20-29 mmhg,"Compression Stockings, thigh/full (20-29 mmhg)"
full length medical compression stockings about 22 mmhg,"Compression Stockings, thigh/full (20-29 mmhg)"
thigh high stockings rated 20 to 29 mmhg for circulation,"Compression Stockings, thigh/full (20-29 mmhg)"
prescribed thigh-high compression socks 20-29mmhg,"Compression Stockings, thigh/full (20-29 mmhg)"
need to claim full-length compression stockings 25 mmhg,"Compression Stockings, thigh/full (20-29 mmhg)"
thigh high compression stockings over 30 mmhg,"Compression Stockings, thigh/full (30 mmhg & over)"
full length high compression stockings rated 30-40 mmhg,"Compression Stockings, thigh/full (30 mmhg & over)"
claiming thigh length stockings 30 mmhg and above,"Compression Stockings, thigh/full (30 mmhg & over)"
waist high compression pantyhose 35 mmhg for severe swelling,"Compression Stockings, thigh/full (30 mmhg & over)"
extra firm thigh high compression hose 30+ mmhg,"Compression Stockings, thigh/full (30 mmhg & over)"
prescribed full length stockings at 40 mmhg pressure,"Compression Stockings, thigh/full (30 mmhg & over)"
thigh high medical compression stockings over 30mmhg,"Compression Stockings, thigh/full (30 mmhg & over)"
need to submit claim for 30+ mmhg thigh-length compression,"Compression Stockings, thigh/full (30 mmhg & over)"
bought a knee brace from shoppers drug mart,Brace (Non-custom)
I got an off-the-shelf wrist brace,Brace (Non-custom)
purchased a non-custom ankle brace from the pharmacy,Brace (Non-custom)
need to claim a store-bought back brace,Brace (Non-custom)
claiming a ready-made elbow brace,Brace (Non-custom)
bought a standard knee brace not custom,Brace (Non-custom)
got a non-custom wrist support brace,Brace (Non-custom)
over the counter shoulder brace from amazon,Brace (Non-custom)
I was fitted for a custom AFO brace for my ankle and foot,"Brace, AFO/KAFO (Custom)"
claiming a custom-made KAFO leg brace,"Brace, AFO/KAFO (Custom)"
my orthotist made a custom ankle-foot orthosis for me,"Brace, AFO/KAFO (Custom)"
need to submit receipt for custom AFO brace,"Brace, AFO/KAFO (Custom)"
got a custom KAFO brace that goes from knee to ankle to foot,"Brace, AFO/KAFO (Custom)"
prescription custom AFO for drop foot,"Brace, AFO/KAFO (Custom)"
had a custom knee-ankle-foot orthosis made at the clinic,"Brace, AFO/KAFO (Custom)"
claiming my custom-made AFO ankle brace,"Brace, AFO/KAFO (Custom)"
I got a custom brace made for my left knee,"Brace, left knee (Custom)"
claiming a custom left knee brace from the orthotist,"Brace, left knee (Custom)"
prescription custom-made brace for my left knee injury,"Brace, left knee (Custom)"
had my left knee fitted for a custom brace,"Brace, left knee (Custom)"
custom left knee brace for my ACL tear,"Brace, left knee (Custom)"
need to claim a fitted brace for left knee,"Brace, left knee (Custom)"
my orthotist made a custom brace specifically for my left knee,"Brace, left knee (Custom)"
custom molded left knee brace after surgery,"Brace, left knee (Custom)"
I got a custom brace made for my right knee,"Brace, right knee (Custom)"
claiming a custom right knee brace from the orthotist,"Brace, right knee (Custom)"
prescription custom-made brace for my right knee,"Brace, right knee (Custom)"
had my right knee fitted for a custom brace,"Brace, right knee (Custom)"
custom right knee brace for my meniscus injury,"Brace, right knee (Custom)"
need to claim a fitted brace for right knee,"Brace, right knee (Custom)"
my orthotist made a custom brace specifically for my right knee,"Brace, right knee (Custom)"
custom molded right knee brace after surgery,"Brace, right knee (Custom)"
I bought a blood glucose meter to check my sugar levels,Blood glucose meter
purchased a glucometer from the pharmacy,Blood glucose meter
need to claim a blood sugar testing meter,Blood glucose meter
claiming a glucose meter device for diabetes,Blood glucose meter
got a finger-prick blood glucose monitor,Blood glucose meter
bought a basic blood sugar meter at shoppers,Blood glucose meter
claiming my new glucose meter for testing blood sugar,Blood glucose meter
purchased a blood glucose monitoring device,Blood glucose meter
I need to claim the receiver unit for my CGM system,Glucose Monitoring System Receiver
bought the Dexcom receiver for continuous glucose monitoring,Glucose Monitoring System Receiver
claiming the display receiver for my glucose monitoring system,Glucose Monitoring System Receiver
purchased the reader device for my freestyle libre,Glucose Monitoring System Receiver
need to submit claim for the CGM receiver screen,Glucose Monitoring System Receiver
got a replacement receiver for my continuous glucose monitor,Glucose Monitoring System Receiver
claiming the handheld receiver that shows my glucose readings,Glucose Monitoring System Receiver
purchased the glucose monitoring system receiver unit,Glucose Monitoring System Receiver
I need to claim CGM sensors for my Dexcom,Glucose Monitoring System Supplies/Sensors
bought replacement sensors for my continuous glucose monitor,Glucose Monitoring System Supplies/Sensors
claiming freestyle libre sensor patches,Glucose Monitoring System Supplies/Sensors
purchased glucose monitoring adhesive patches and sensors,Glucose Monitoring System Supplies/Sensors
need more sensors for my glucose monitoring system,Glucose Monitoring System Supplies/Sensors
claiming supplies like sensors and adhesives for my CGM,Glucose Monitoring System Supplies/Sensors
bought a box of CGM sensor refills,Glucose Monitoring System Supplies/Sensors
purchased replacement sensors for glucose monitoring,Glucose Monitoring System Supplies/Sensors
I need to claim the transmitter for my Dexcom CGM,Glucose Monitoring System Transmitter
bought a replacement transmitter for my glucose monitoring system,Glucose Monitoring System Transmitter
claiming the wireless transmitter that sends glucose data to my phone,Glucose Monitoring System Transmitter
purchased the CGM transmitter unit,Glucose Monitoring System Transmitter
need to submit for the glucose monitor transmitter piece,Glucose Monitoring System Transmitter
got a new transmitter for my continuous glucose monitoring system,Glucose Monitoring System Transmitter
claiming the bluetooth transmitter for my CGM,Glucose Monitoring System Transmitter
purchased the glucose monitoring system transmitter component,Glucose Monitoring System Transmitter
I bought a CPAP machine for my sleep apnea,"CPAP, APAP, BIPAP Machine"
purchased a BIPAP machine as prescribed by my sleep doctor,"CPAP, APAP, BIPAP Machine"
claiming an APAP breathing machine,"CPAP, APAP, BIPAP Machine"
need to claim my new CPAP device,"CPAP, APAP, BIPAP Machine"
got a CPAP machine from the sleep clinic,"CPAP, APAP, BIPAP Machine"
bought the actual cpap machine unit for sleep apnea,"CPAP, APAP, BIPAP Machine"
claiming an auto-PAP machine for obstructive sleep apnea,"CPAP, APAP, BIPAP Machine"
purchased a BiPAP device for nighttime breathing,"CPAP, APAP, BIPAP Machine"
I need a new mask for my CPAP machine,"CPAP, APAP, BIPAP Mask"
bought a replacement CPAP nasal mask,"CPAP, APAP, BIPAP Mask"
claiming a full face CPAP mask,"CPAP, APAP, BIPAP Mask"
purchased a new BIPAP mask with headgear,"CPAP, APAP, BIPAP Mask"
need to claim a nasal pillow mask for my APAP,"CPAP, APAP, BIPAP Mask"
got a replacement mask for my sleep apnea machine,"CPAP, APAP, BIPAP Mask"
claiming a CPAP mask fitting and purchase,"CPAP, APAP, BIPAP Mask"
bought a new cpap face mask because mine is worn out,"CPAP, APAP, BIPAP Mask"
purchased replacement mask cushions and frame for my CPAP,"CPAP, APAP, BIPAP Mask"
I need to claim CPAP tubing and filters,"CPAP, APAP, BIPAP Supplies"
bought replacement hose and humidifier tank for my CPAP,"CPAP, APAP, BIPAP Supplies"
claiming CPAP supplies like filters and water chamber,"CPAP, APAP, BIPAP Supplies"
purchased BIPAP headgear straps and chin strap,"CPAP, APAP, BIPAP Supplies"
need to claim cpap accessories like tubing and filters,"CPAP, APAP, BIPAP Supplies"
got replacement CPAP supplies from the sleep store,"CPAP, APAP, BIPAP Supplies"
claiming CPAP cleaning solution and replacement filters,"CPAP, APAP, BIPAP Supplies"
bought CPAP humidifier chamber and hose,"CPAP, APAP, BIPAP Supplies"
purchased various CPAP accessories and replacement parts,"CPAP, APAP, BIPAP Supplies"
I saw a social worker with a BSW degree,Social Worker (Bachelors)
claiming sessions with a bachelor-level social worker,Social Worker (Bachelors)
my social worker has a bachelor's degree in social work,Social Worker (Bachelors)
visited a registered social worker with BSW credentials,Social Worker (Bachelors)
need to claim for my social worker who has a bachelors,Social Worker (Bachelors)
"saw a social worker, she has a BSW not a masters",Social Worker (Bachelors)
claiming counselling with a bachelor's level social worker,Social Worker (Bachelors)
my therapist is a social worker with a 4-year BSW degree,Social Worker (Bachelors)
I saw a social worker with a MSW degree,Social Worker (Masters level)
claiming sessions with a master-level social worker,Social Worker (Masters level)
my social worker has a master's in social work,Social Worker (Masters level)
visited a registered social worker with MSW credentials,Social Worker (Masters level)
need to claim for my social worker who has a masters degree,Social Worker (Masters level)
"saw a social worker, she has an MSW",Social Worker (Masters level)
claiming counselling with a master's level social worker,Social Worker (Masters level)
my therapist is a clinical social worker with an MSW,Social Worker (Masters level)
I bought a walker without wheels for my grandma,Walker - non wheeled (purchase)
purchased a standard walker with no wheels,Walker - non wheeled (purchase)
claiming a basic walking frame with rubber feet,Walker - non wheeled (purchase)
bought a non-wheeled walker from the medical supply store,Walker - non wheeled (purchase)
need to claim a walker that doesn't have wheels,Walker - non wheeled (purchase)
got a standard aluminum walker without any wheels,Walker - non wheeled (purchase)
purchased a pickup walker with tennis ball feet,Walker - non wheeled (purchase)
"claiming a basic walker frame, no wheels on it",Walker - non wheeled (purchase)
I bought a rollator walker with four wheels,Walker - with wheels (purchase)
purchased a wheeled walker with a seat,Walker - with wheels (purchase)
claiming a rolling walker with brakes,Walker - with wheels (purchase)
bought a walker that has wheels on it,Walker - with wheels (purchase)
need to claim a 4-wheel rollator walker,Walker - with wheels (purchase)
got a wheeled walker with a basket from shoppers,Walker - with wheels (purchase)
purchased a walker with two front wheels,Walker - with wheels (purchase)
claiming a rolling walker with wheels for mobility,Walker - with wheels (purchase)
I bought an automatic insulin injection device,Insulin Gun (automatic)
claiming an auto-inject insulin gun,Insulin Gun (automatic)
purchased an automatic insulin pen injector gun,Insulin Gun (automatic)
need to claim my automatic insulin gun for injections,Insulin Gun (automatic)
got an auto insulin injector gun from the pharmacy,Insulin Gun (automatic)
claiming an automatic spring-loaded insulin gun,Insulin Gun (automatic)
bought an automatic insulin injection gun device,Insulin Gun (automatic)
purchased automatic insulin gun for self-injection,Insulin Gun (automatic)
I bought a manual insulin injection gun,Insulin Gun (manual)
claiming a manual insulin gun for my injections,Insulin Gun (manual)
purchased a manual press insulin injector gun,Insulin Gun (manual)
need to claim a non-automatic insulin gun,Insulin Gun (manual)
got a manual insulin injection device,Insulin Gun (manual)
claiming a hand-operated insulin gun,Insulin Gun (manual)
"bought a manual insulin gun, not the automatic type",Insulin Gun (manual)
purchased a manual spring insulin gun,Insulin Gun (manual)
I bought an insulin pump for continuous delivery,Insulin infusion pump
claiming an insulin infusion pump device,Insulin infusion pump
purchased an insulin pump that I wear on my body,Insulin infusion pump
need to claim my OmniPod insulin pump,Insulin infusion pump
got a Medtronic insulin pump for diabetes management,Insulin infusion pump
claiming an insulin delivery pump,Insulin infusion pump
bought a tubeless insulin infusion pump,Insulin infusion pump
purchased an insulin pump system for continuous glucose management,Insulin infusion pump
I need to claim insulin pump supplies like infusion sets,Insulin infusion pump supplies
bought replacement tubing and reservoirs for my insulin pump,Insulin infusion pump supplies
claiming insulin pump cartridges and cannulas,Insulin infusion pump supplies
purchased infusion set supplies for my OmniPod,Insulin infusion pump supplies
need to claim insulin pump consumables and reservoirs,Insulin infusion pump supplies
got replacement insulin pump supplies,Insulin infusion pump supplies
claiming infusion sets and insertion devices for my pump,Insulin infusion pump supplies
"bought insulin pump tubing, reservoirs, and adhesive patches",Insulin infusion pump supplies
I bought an insulin pen for my injections,Insulin Pen Injector
claiming a reusable insulin pen injector,Insulin Pen Injector
purchased an insulin pen device,Insulin Pen Injector
need to claim my NovoPen insulin injector,Insulin Pen Injector
got an insulin pen from the pharmacy,Insulin Pen Injector
claiming a click-dose insulin pen injector,Insulin Pen Injector
"bought a reusable insulin pen, not a gun",Insulin Pen Injector
purchased an insulin pen for daily injections,Insulin Pen Injector
I bought a pair of underarm crutches,"Crutches, pair"
purchased standard crutches after breaking my ankle,"Crutches, pair"
claiming a pair of axillary crutches,"Crutches, pair"
"need to claim regular crutches, the underarm kind","Crutches, pair"
got a pair of standard crutches from the ER,"Crutches, pair"
bought aluminum underarm crutches pair,"Crutches, pair"
claiming a set of standard underarm crutches,"Crutches, pair"
purchased a pair of crutches for my sprained ankle,"Crutches, pair"
I bought a forearm crutch with an arm cuff,Forearm Crutch (purchase)
purchased a single forearm or elbow crutch,Forearm Crutch (purchase)
claiming a lofstrand crutch that grips my forearm,Forearm Crutch (purchase)
"need to claim a forearm crutch, the kind with an elbow brace",Forearm Crutch (purchase)
got forearm crutches with cuffs around my arms,Forearm Crutch (purchase)
bought elbow crutches instead of underarm ones,Forearm Crutch (purchase)
claiming forearm crutches for long term use,Forearm Crutch (purchase)
purchased Canadian crutches with forearm supports,Forearm Crutch (purchase)
I bought a TENS machine for pain relief,"Stimulator, muscle/nerve (TENS)"
purchased a muscle stimulator device,"Stimulator, muscle/nerve (TENS)"
claiming a nerve stimulator TENS unit,"Stimulator, muscle/nerve (TENS)"
need to claim a TENS device for my back pain,"Stimulator, muscle/nerve (TENS)"
got a transcutaneous electrical nerve stimulation unit,"Stimulator, muscle/nerve (TENS)"
bought a TENS machine from the physio clinic,"Stimulator, muscle/nerve (TENS)"
claiming an EMS muscle stimulator device,"Stimulator, muscle/nerve (TENS)"
purchased a TENS unit for nerve pain management,"Stimulator, muscle/nerve (TENS)"
I need replacement electrode pads for my TENS machine,"Stimulator, supplies"
claiming TENS unit supplies like gel pads and wires,"Stimulator, supplies"
purchased replacement leads and electrodes for my stimulator,"Stimulator, supplies"
need to claim electrode pads for my TENS device,"Stimulator, supplies"
bought TENS machine supplies and replacement pads,"Stimulator, supplies"
claiming new electrode patches and gel for my stimulator,"Stimulator, supplies"
purchased stimulator accessories and replacement electrodes,"Stimulator, supplies"
got replacement wire leads for my TENS unit,"Stimulator, supplies"
I had a chiropody treatment for my feet,Chiropody (Foot Care) Treatment
went to the chiropodist for foot care treatment,Chiropody (Foot Care) Treatment
claiming a foot care appointment with a chiropodist,Chiropody (Foot Care) Treatment
need to claim my chiropody session for ingrown toenail,Chiropody (Foot Care) Treatment
visited the foot care specialist for callus removal,Chiropody (Foot Care) Treatment
had a chiropody appointment for diabetic foot care,Chiropody (Foot Care) Treatment
claiming foot care treatment at the chiropodist,Chiropody (Foot Care) Treatment
saw a chiropodist for nail trimming and corn treatment,Chiropody (Foot Care) Treatment
went to a foot care clinic for chiropody services,Chiropody (Foot Care) Treatment
I got custom orthotics made from a mold of my feet,Custom made foot orthotics
claiming custom foot orthotics prescribed by my podiatrist,Custom made foot orthotics
had custom insoles made at the orthotics clinic,Custom made foot orthotics
need to claim custom-made orthotic inserts,Custom made foot orthotics
got fitted for custom orthotics with a 3D scan,Custom made foot orthotics
purchased prescription custom foot orthotics,Custom made foot orthotics
claiming custom molded arch supports for my flat feet,Custom made foot orthotics
had custom orthotics fabricated from a plaster cast,Custom made foot orthotics
my podiatrist prescribed custom-made foot orthotics,Custom made foot orthotics
I bought off-the-shelf shoe inserts,Standard foot orthotics or shoe inserts
purchased standard insoles from the pharmacy,Standard foot orthotics or shoe inserts
claiming standard foot orthotics not custom made,Standard foot orthotics or shoe inserts
need to claim Dr. Scholl's shoe inserts,Standard foot orthotics or shoe inserts
got basic arch support insoles from shoppers,Standard foot orthotics or shoe inserts
bought standard shoe inserts for heel pain,Standard foot orthotics or shoe inserts
claiming non-custom foot orthotics from the store,Standard foot orthotics or shoe inserts
purchased over the counter insoles for plantar fasciitis,Standard foot orthotics or shoe inserts
bought standard arch supports not the custom kind,Standard foot orthotics or shoe inserts
I got custom orthopedic shoes made for my feet,Orthopaedic or custom made shoes
claiming prescription orthopedic shoes,Orthopaedic or custom made shoes
purchased custom-made shoes for my foot condition,Orthopaedic or custom made shoes
need to claim orthopaedic shoes fitted by a specialist,Orthopaedic or custom made shoes
got orthopedic shoes prescribed by my doctor,Orthopaedic or custom made shoes
bought custom diabetic shoes from the orthotist,Orthopaedic or custom made shoes
claiming orthopaedic footwear that was specially made,Orthopaedic or custom made shoes
had custom orthopedic shoes built for my condition,Orthopaedic or custom made shoes
purchased prescription orthopaedic shoes for flat feet,Orthopaedic or custom made shoes
I had my shoes modified with a heel lift,Other foot care services (i.e. orthopedic shoe modification)
claiming shoe modification for my orthopedic needs,Other foot care services (i.e. orthopedic shoe modification)
got my existing shoes altered with custom inserts and lifts,Other foot care services (i.e. orthopedic shoe modification)
need to claim orthopedic shoe repair and adjustment,Other foot care services (i.e. orthopedic shoe modification)
had a shoe lift added to my left shoe,Other foot care services (i.e. orthopedic shoe modification)
claiming shoe modification service from the orthotist,Other foot care services (i.e. orthopedic shoe modification)
got my work boots modified for my foot condition,Other foot care services (i.e. orthopedic shoe modification)
need to claim heel wedge modification on my shoes,Other foot care services (i.e. orthopedic shoe modification)
I went to the podiatrist for treatment,Podiatry Treatment
claiming a podiatry appointment for my foot pain,Podiatry Treatment
saw a podiatrist for my plantar fasciitis,Podiatry Treatment
need to claim podiatry treatment for bunions,Podiatry Treatment
visited the podiatrist for a foot exam and treatment,Podiatry Treatment
had a podiatry session for my heel spur,Podiatry Treatment
claiming treatment from my podiatrist,Podiatry Treatment
went to a podiatrist DPM for foot treatment,Podiatry Treatment
saw the podiatrist about my ankle and foot pain,Podiatry Treatment
I saw a clinical counsellor for therapy,Clinical Counsellor
claiming sessions with my registered clinical counsellor,Clinical Counsellor
visited a CCC certified clinical counsellor,Clinical Counsellor
need to claim my clinical counselling appointment,Clinical Counsellor
went to a clinical counsellor for anxiety,Clinical Counsellor
claiming counselling sessions with an RCC,Clinical Counsellor
saw a registered clinical counselor for mental health,Clinical Counsellor
my therapist is a clinical counsellor not a psychologist,Clinical Counsellor
claiming appointments with a canadian certified counsellor,Clinical Counsellor
I saw a psychologist for therapy sessions,Psychologist
claiming my appointment with a registered psychologist,Psychologist
visited a PhD psychologist for assessment,Psychologist
need to claim psychological services,Psychologist
went to a psychologist for cognitive behavioural therapy,Psychologist
claiming sessions with my psychologist who has a doctorate,Psychologist
saw a licensed psychologist for anxiety treatment,Psychologist
my therapist is a psychologist with a PhD,Psychologist
claiming psychological assessment and therapy,Psychologist
I saw a psychotherapist for therapy,Psychotherapist
claiming sessions with a registered psychotherapist,Psychotherapist
visited a psychotherapist for talk therapy,Psychotherapist
need to claim psychotherapy appointments,Psychotherapist
went to a psychotherapist for depression treatment,Psychotherapist
claiming psychotherapy sessions,Psychotherapist
saw a registered psychotherapist for couples counselling,Psychotherapist
my therapist is a licensed psychotherapist,Psychotherapist
claiming appointments with a registered psychotherapist RP,Psychotherapist
I saw a mental health professional but not sure which category,Other mental health services
claiming therapy with a practitioner who isn't a psychologist or social worker,Other mental health services
need to claim mental health services that don't fit other categories,Other mental health services
went to an art therapist for mental health,Other mental health services
claiming mental health counselling that doesn't fit the standard categories,Other mental health services
saw a mental health nurse for counselling sessions,Other mental health services
claiming services from a mental health practitioner,Other mental health services
got mental health support from a peer support specialist,Other mental health services
I used an online CBT program for my anxiety,Digital Cognitive Behavioural Therapy
claiming a digital cognitive behavioural therapy subscription,Digital Cognitive Behavioural Therapy
purchased access to an app-based CBT program,Digital Cognitive Behavioural Therapy
need to claim MindBeacon or similar digital CBT service,Digital Cognitive Behavioural Therapy
used a virtual CBT therapy platform,Digital Cognitive Behavioural Therapy
claiming online cognitive behavioral therapy program,Digital Cognitive Behavioural Therapy
signed up for a digital CBT app for depression,Digital Cognitive Behavioural Therapy
used an internet-based CBT course for insomnia,Digital Cognitive Behavioural Therapy
I went for my annual eye exam,Eye Exam
claiming a routine eye examination,Eye Exam
had my eyes checked at the optometrist,Eye Exam
need to claim my eye exam appointment,Eye Exam
went for a regular vision checkup,Eye Exam
claiming my yearly eye test at the optometrist,Eye Exam
had a comprehensive eye exam,Eye Exam
got my annual eye exam done,Eye Exam
claiming routine eye examination at the eye doctor,Eye Exam
I had a diagnostic vision test ordered by my eye doctor,Diagnostic Vision Test
claiming a visual field test for glaucoma screening,Diagnostic Vision Test
need to claim a retinal scan diagnostic test,Diagnostic Vision Test
had an OCT diagnostic eye test,Diagnostic Vision Test
claiming a diagnostic vision test for macular degeneration,Diagnostic Vision Test
got a specialized diagnostic eye test beyond a regular exam,Diagnostic Vision Test
had a corneal topography test done,Diagnostic Vision Test
claiming a diagnostic visual acuity test ordered by my ophthalmologist,Diagnostic Vision Test
I bought new prescription glasses,Prescription Glasses
claiming my new eyeglasses with lenses,Prescription Glasses
purchased prescription glasses and frames,Prescription Glasses
need to claim new glasses from the optician,Prescription Glasses
got new prescription lenses put in my frames,Prescription Glasses
claiming prescription eyewear glasses,Prescription Glasses
bought new specs with updated prescription,Prescription Glasses
purchased prescription glasses at lenscrafters,Prescription Glasses
need to submit my receipt for prescription glasses,Prescription Glasses
I bought prescription contact lenses,Prescription Contacts
claiming monthly contact lenses,Prescription Contacts
purchased a year supply of contacts,Prescription Contacts
need to claim my prescription contacts from the optometrist,Prescription Contacts
got daily disposable contact lenses,Prescription Contacts
claiming contact lens purchase,Prescription Contacts
bought acuvue prescription contacts,Prescription Contacts
purchased prescription contact lenses online,Prescription Contacts
claiming my box of monthly contact lenses,Prescription Contacts
I bought safety glasses for my lab work,Safety Glasses
claiming prescription safety glasses for work,Safety Glasses
purchased CSA approved safety eyewear,Safety Glasses
need to claim safety glasses for the workshop,Safety Glasses
got safety goggles with prescription lenses,Safety Glasses
claiming protective safety glasses,Safety Glasses
bought prescription safety glasses for the lab,Safety Glasses
purchased industrial safety eyewear,Safety Glasses
I need to claim a vision service that doesn't fit other categories,Other vision services (i.e. safety glasses)
claiming vision therapy sessions,Other vision services (i.e. safety glasses)
need to claim low vision aids,Other vision services (i.e. safety glasses)
got a glasses repair service,Other vision services (i.e. safety glasses)
claiming anti-fatigue lenses for computer work,Other vision services (i.e. safety glasses)
I went for an acupuncture session,Acupuncture
claiming acupuncture treatment for my back pain,Acupuncture
had needles done at the acupuncturist,Acupuncture
need to claim my acupuncture appointment,Acupuncture
went to a registered acupuncturist for treatment,Acupuncture
I bought an aerochamber spacer for my inhaler,Aerochamber
purchased an aerochamber for my asthma puffer,Aerochamber
need to claim an aerochamber device,Aerochamber
claiming a spacer aerochamber for my inhaler,Aerochamber
I bought alcohol swabs for my injections,Alcohol swabs
claiming alcohol wipes for insulin injection prep,Alcohol swabs
purchased a box of alcohol swabs from the pharmacy,Alcohol swabs
need to claim sterile alcohol swabs,Alcohol swabs
I need to claim an ambulance ride to the hospital,Ambulance
was taken by ambulance to the ER,Ambulance
claiming ambulance transport services,Ambulance
had to call an ambulance and need to submit the bill,Ambulance
need to claim the ambulance fee,Ambulance
I had a 24-hour blood pressure monitoring test,Ambulatory Blood Pressure Test
claiming an ambulatory blood pressure test,Ambulatory Blood Pressure Test
wore a blood pressure monitor for 24 hours as a test,Ambulatory Blood Pressure Test
need to claim ambulatory BP monitoring,Ambulatory Blood Pressure Test
I went to an athletic therapist for my sports injury,Athletic Therapy
claiming athletic therapy sessions,Athletic Therapy
saw an athletic therapist for my shoulder,Athletic Therapy
need to claim my athletic therapy appointment,Athletic Therapy
I saw an audiologist for a hearing assessment,Audiologist Services
claiming audiologist services for hearing evaluation,Audiologist Services
went to the audiologist for a hearing test,Audiologist Services
need to claim my audiologist appointment,Audiologist Services
I had a hearing test done,Audiometric Exam
claiming an audiometric exam,Audiometric Exam
need to claim my audiometric hearing evaluation,Audiometric Exam
had an audiometry test at the clinic,Audiometric Exam
I bought a bath bench for the shower,Bath Bench/Chair (purchase)
purchased a shower chair for safety,Bath Bench/Chair (purchase)
claiming a bath seat I bought for after surgery,Bath Bench/Chair (purchase)
need to claim a shower bench,Bath Bench/Chair (purchase)
I bought bed rails for my bed,Bed Rails (purchase)
purchased bed safety rails,Bed Rails (purchase)
claiming bed rails I bought for fall prevention,Bed Rails (purchase)
need to claim hospital-style bed rails,Bed Rails (purchase)
I purchased a bedpan,Bedpan
claiming a bedpan for home use,Bedpan
bought a bedpan from the medical supply store,Bedpan
I bought a blood pressure monitor,Blood pressure monitor
purchased a home blood pressure cuff,Blood pressure monitor
claiming a BP monitor from the pharmacy,Blood pressure monitor
need to claim a blood pressure machine for home use,Blood pressure monitor
I had blood work done for allergy testing,Blood test for Allergies (IG test not eligible)
claiming a blood allergy test,Blood test for Allergies (IG test not eligible)
got an IgE blood test for allergies,Blood test for Allergies (IG test not eligible)
need to claim a blood test to check for allergies,Blood test for Allergies (IG test not eligible)
I was charged a fee for blood being drawn,Blood Withdrawal Fee
claiming the blood withdrawal fee from the lab,Blood Withdrawal Fee
need to claim the phlebotomy fee,Blood Withdrawal Fee
had to pay a blood draw fee at the clinic,Blood Withdrawal Fee
I bought a breast pump,Breast Pump (purchase)
purchased an electric breast pump,Breast Pump (purchase)
claiming a breast pump for nursing,Breast Pump (purchase)
need to claim my Medela breast pump,Breast Pump (purchase)
I had a CA-125 test for cancer screening,CA-125 (Cancer Antigen) Test
claiming a cancer antigen 125 blood test,CA-125 (Cancer Antigen) Test
need to claim a CA-125 test,CA-125 (Cancer Antigen) Test
got a CA125 test done at the lab,CA-125 (Cancer Antigen) Test
I bought a walking cane,"Cane, standard"
purchased a standard cane from the pharmacy,"Cane, standard"
claiming a walking stick cane,"Cane, standard"
need to claim a single-point cane,"Cane, standard"
I need to claim a fiberglass cast,"Cast, fiberglass"
had a fiberglass cast put on my broken arm,"Cast, fiberglass"
claiming a fiberglass cast for my fracture,"Cast, fiberglass"
I bought a cervical pillow for neck support,Cervical Pillow
purchased a cervical neck pillow,Cervical Pillow
claiming a therapeutic cervical pillow,Cervical Pillow
need to claim a prescription cervical pillow,Cervical Pillow
I went to the chiropractor,Chiropractic
claiming chiropractic treatment,Chiropractic
had a chiropractic adjustment,Chiropractic
need to claim my chiropractor visit,Chiropractic
saw the chiro for my back,Chiropractic
I bought a reusable ice pack,Cold Therapy - Re-usable Items (purchase)
purchased a cold therapy wrap,Cold Therapy - Re-usable Items (purchase)
claiming a reusable cold compress,Cold Therapy - Re-usable Items (purchase)
need to claim a gel ice pack for my injury,Cold Therapy - Re-usable Items (purchase)
I had a colonoscopy procedure,Colonoscopy
claiming a colonoscopy screening,Colonoscopy
need to claim my colonoscopy appointment,Colonoscopy
had a colon cancer screening colonoscopy,Colonoscopy
I broke my tooth in an accident and need to claim,Dental Accident
claiming dental work after a sports accident,Dental Accident
had emergency dental treatment after I fell and chipped my teeth,Dental Accident
need to claim dental accident from being hit in the face,Dental Accident
I need to submit a dental treatment estimate,Dental Estimate for Services
claiming a pre-determination for dental work,Dental Estimate for Services
submitting a dental estimate before my procedure,Dental Estimate for Services
need to get a dental estimate pre-approved,Dental Estimate for Services
I went to the dentist for a cleaning,Dental Services
claiming dental cleaning and checkup,Dental Services
had a filling done at the dentist,Dental Services
need to claim my dental appointment,Dental Services
went for a routine dental visit,Dental Services
I saw a dietitian for nutrition counselling,Dietitian Services
claiming my appointment with a registered dietitian,Dietitian Services
visited a dietitian for meal planning,Dietitian Services
need to claim dietitian services,Dietitian Services
I need to claim a prescription medication,Drug
claiming a drug I picked up at the pharmacy,Drug
bought my prescription drugs at shoppers,Drug
need to submit my pharmacy receipt for medication,Drug
claiming prescription drug from the pharmacist,Drug
I got custom ear plugs made,Ear Plugs (custom made)
claiming custom molded ear plugs,Ear Plugs (custom made)
had custom ear plugs fitted at the audiologist,Ear Plugs (custom made)
need to claim custom-made ear plugs,Ear Plugs (custom made)
I need to submit a pre-authorization for treatment,Estimate/Pre-Authorization
claiming an estimate for upcoming medical services,Estimate/Pre-Authorization
need pre-approval for a medical procedure,Estimate/Pre-Authorization
submitting a pre-authorization request,Estimate/Pre-Authorization
I bought grab bars for the bathroom,Grab Bar/Bath Bar - permanent fixtures (purchase)
purchased bath safety grab bars,Grab Bar/Bath Bar - permanent fixtures (purchase)
claiming grab bars installed in the shower,Grab Bar/Bath Bar - permanent fixtures (purchase)
need to claim bathroom grab bars,Grab Bar/Bath Bar - permanent fixtures (purchase)
I bought hearing aids,Hearing Aids
claiming new hearing aids from the audiologist,Hearing Aids
purchased hearing aids for hearing loss,Hearing Aids
need to claim my new hearing aid devices,Hearing Aids
I bought a reusable heating pad,Heat Therapy - Re-usable items (purchase)
purchased a heat therapy wrap,Heat Therapy - Re-usable items (purchase)
claiming a reusable heat pack,Heat Therapy - Re-usable items (purchase)
need to claim a hot water bottle for therapy,Heat Therapy - Re-usable items (purchase)
I went for homeopathic treatment,Homeopathic Treatment
claiming a session with a homeopath,Homeopathic Treatment
visited a homeopathic practitioner,Homeopathic Treatment
need to claim homeopathic medicine and consultation,Homeopathic Treatment
I was hospitalized and need to claim,Hospital (within your province)
claiming hospital fees within Ontario,Hospital (within your province)
need to claim hospital stay costs in my province,Hospital (within your province)
had to go to the hospital and have a bill to submit,Hospital (within your province)
I bought a table top humidifier,Humidifier (Table Top)
purchased a small humidifier for my room,Humidifier (Table Top)
claiming a tabletop humidifier,Humidifier (Table Top)
need to claim a desktop humidifier,Humidifier (Table Top)
I need to claim in-home care services,In Home Support Services
claiming a home care worker who came to help me,In Home Support Services
had in-home support services after my surgery,In Home Support Services
need to claim home health aide services,In Home Support Services
I bought incontinence pads,Incontinence Supplies
claiming incontinence supplies from the pharmacy,Incontinence Supplies
purchased adult diapers and incontinence products,Incontinence Supplies
need to claim incontinence underwear,Incontinence Supplies
I bought an IV stand for home use,IV Stand (purchase)
purchased an IV pole,IV Stand (purchase)
claiming an IV stand,IV Stand (purchase)
I bought lancets for blood sugar testing,Lancet
claiming lancets for my glucose meter,Lancet
purchased a box of lancets from the pharmacy,Lancet
need to claim lancet needles for diabetes,Lancet
I had a mammogram done,Mammogram
claiming a breast screening mammogram,Mammogram
need to claim my mammogram appointment,Mammogram
had a mammography test for breast cancer screening,Mammogram
I had a massage therapy session,Massage
claiming a registered massage therapist appointment,Massage
went for an RMT massage,Massage
need to claim my massage therapy treatment,Massage
had a therapeutic massage for my sore back,Massage
I bought a mastectomy bra,Mastectomy bra
claiming a post-mastectomy bra,Mastectomy bra
purchased a bra designed for after mastectomy,Mastectomy bra
need to claim a prosthetic mastectomy bra,Mastectomy bra
I bought a MedicAlert bracelet,Medic Alert Bracelet
claiming a medical alert ID bracelet,Medic Alert Bracelet
purchased a medic alert necklace,Medic Alert Bracelet
need to claim my MedicAlert subscription and bracelet,Medic Alert Bracelet
I need to claim medical marijuana,Medical Cannabis
claiming medical cannabis from a licensed producer,Medical Cannabis
purchased prescribed medical cannabis,Medical Cannabis
need to submit claim for medical marijuana,Medical Cannabis
I had an MRI scan,MRI (Magnetic Resonance Imaging)
claiming an MRI for my knee injury,MRI (Magnetic Resonance Imaging)
need to claim my MRI appointment,MRI (Magnetic Resonance Imaging)
had a magnetic resonance imaging scan done privately,MRI (Magnetic Resonance Imaging)
I went to a naturopath,Naturopathic Treatment
claiming naturopathic treatment,Naturopathic Treatment
visited a naturopathic doctor for treatment,Naturopathic Treatment
need to claim my naturopath appointment,Naturopathic Treatment
I need to claim nursing home costs,Nursing Home and Long Term Care
claiming long term care facility fees,Nursing Home and Long Term Care
need to submit for nursing home services,Nursing Home and Long Term Care
I went to an occupational therapist,Occupational Therapy
claiming OT sessions,Occupational Therapy
had occupational therapy after my injury,Occupational Therapy
need to claim my occupational therapy appointment,Occupational Therapy
I got braces on my teeth and need to claim,Orthodontic Services (Braces - initial and monthly fee)
claiming monthly orthodontic braces fee,Orthodontic Services (Braces - initial and monthly fee)
need to submit orthodontic treatment for dental braces,Orthodontic Services (Braces - initial and monthly fee)
paying for braces treatment at the orthodontist,Orthodontic Services (Braces - initial and monthly fee)
claiming my kids dental braces initial fee,Orthodontic Services (Braces - initial and monthly fee)
I saw an osteopath for treatment,Osteopath
claiming osteopathic treatment,Osteopath
went to an osteopath for my back,Osteopath
need to claim my osteopathy session,Osteopath
I need to claim ostomy supplies,Ostomy
claiming ostomy bags and accessories,Ostomy
purchased ostomy pouches and barriers,Ostomy
need to claim colostomy supplies,Ostomy
I had an emergency medical service that doesn't fit other categories,Other emergency services
claiming emergency medical transport that wasn't an ambulance,Other emergency services
need to claim other emergency health services,Other emergency services
I bought compression gloves for arthritis,Other garment brace services (i.e. compression gloves)
claiming a compression garment that isn't stockings or a brace,Other garment brace services (i.e. compression gloves)
purchased compression arm sleeves,Other garment brace services (i.e. compression gloves)
need to claim a lymphedema compression sleeve,Other garment brace services (i.e. compression gloves)
I saw a health specialist not listed in other categories,Other health specialists
claiming a visit with a kinesiologist,Other health specialists
need to claim services from a reflexologist,Other health specialists
saw a health practitioner that doesn't match other categories,Other health specialists
I need to claim a hearing service not covered by other categories,Other hearing services
claiming hearing aid repairs,Other hearing services
need to claim a hearing device accessory,Other hearing services
I had a lab test that doesn't fit other categories,Other laboratory and diagnostic tests
claiming a diagnostic test not listed elsewhere,Other laboratory and diagnostic tests
need to claim blood work that's not allergy testing,Other laboratory and diagnostic tests
had a specialized lab test done,Other laboratory and diagnostic tests
I bought a medical item that doesn't fit any category,Other medical items
claiming a medical supply not listed anywhere,Other medical items
need to claim a miscellaneous medical device,Other medical items
I need to claim orthodontic records and x-rays,Other Orthodontic/Dental Services (i.e. orthodontic records)
claiming dental impressions for orthodontic treatment,Other Orthodontic/Dental Services (i.e. orthodontic records)
need to submit for orthodontic retainer replacement,Other Orthodontic/Dental Services (i.e. orthodontic records)
claiming panoramic dental x-ray for ortho treatment,Other Orthodontic/Dental Services (i.e. orthodontic records)
I bought a peak flow meter for asthma,Peak Flow Meter
purchased a peak flow meter to monitor my breathing,Peak Flow Meter
claiming a peak flow meter device,Peak Flow Meter
need to claim a peak flow meter for lung function,Peak Flow Meter
I went to physiotherapy,Physiotherapy
claiming physio sessions for my knee,Physiotherapy
had a physiotherapy appointment,Physiotherapy
need to claim my physio treatment,Physiotherapy
went to the physiotherapist for rehab,Physiotherapy
I need to claim provincial health plan replacement,Provincial Replacement Plan
claiming under provincial replacement plan,Provincial Replacement Plan
need to submit provincial plan replacement claim,Provincial Replacement Plan
I had a PSA test done,PSA Test (Prostate Specific Antigen)
claiming a prostate specific antigen blood test,PSA Test (Prostate Specific Antigen)
need to claim my PSA screening test,PSA Test (Prostate Specific Antigen)
got a PSA test for prostate cancer screening,PSA Test (Prostate Specific Antigen)
I bought a quad cane with four feet,Quad Cane (purchase)
purchased a four-point cane,Quad Cane (purchase)
claiming a quad cane for stability,Quad Cane (purchase)
need to claim a quad base cane,Quad Cane (purchase)
I bought a raised toilet seat,Raised Toilet seat (purchase)
purchased a toilet seat riser,Raised Toilet seat (purchase)
claiming a raised toilet seat after surgery,Raised Toilet seat (purchase)
need to claim an elevated toilet seat,Raised Toilet seat (purchase)
I had a skin scratch test for allergies,Scratch Test for Allergies
claiming an allergy scratch test,Scratch Test for Allergies
got a skin prick test for allergens,Scratch Test for Allergies
need to claim allergy skin scratch testing,Scratch Test for Allergies
I had genetic testing done,Screening (for DNA/Genetic purposes)
claiming a DNA screening test,Screening (for DNA/Genetic purposes)
need to claim genetic screening,Screening (for DNA/Genetic purposes)
had a genetic test for hereditary conditions,Screening (for DNA/Genetic purposes)
I had a sleep study done,Sleep Study
claiming a polysomnography test,Sleep Study
went for an overnight sleep study,Sleep Study
need to claim my sleep test at the clinic,Sleep Study
I went for speech therapy,Speech Therapy
claiming speech language pathology sessions,Speech Therapy
need to claim speech therapy appointments,Speech Therapy
my child had a speech therapy session,Speech Therapy
I bought a bedside commode,Stationary Commode (purchase)
purchased a stationary commode chair,Stationary Commode (purchase)
claiming a commode that doesn't have wheels,Stationary Commode (purchase)
need to claim a bedside toilet commode,Stationary Commode (purchase)
I had a TB skin test,TB Test/Mantoux
claiming a Mantoux tuberculosis test,TB Test/Mantoux
need to claim a TB test for school,TB Test/Mantoux
got a tuberculosis screening test done,TB Test/Mantoux
I bought a transport wheelchair,Transport Wheelchair
purchased a lightweight transport chair,Transport Wheelchair
claiming a transport wheelchair for travel,Transport Wheelchair
need to claim a companion transport wheelchair,Transport Wheelchair
I had an ultrasound done,Ultrasound
claiming a diagnostic ultrasound,Ultrasound
need to claim my ultrasound appointment,Ultrasound
had an ultrasound scan at the clinic,Ultrasound
I bought a urinal for bedside use,Urinal (purchase)
purchased a male urinal bottle,Urinal (purchase)
claiming a urinal from the medical store,Urinal (purchase)
I bought a tabletop vaporizer,Vaporizer (table top)
purchased a steam vaporizer for my room,Vaporizer (table top)
claiming a table top vaporizer,Vaporizer (table top)
I bought a versa frame for the toilet,Versa Frame (purchase)
purchased a toilet safety versa frame,Versa Frame (purchase)
claiming a versa frame for bathroom safety,Versa Frame (purchase)
I had a vitamin D blood test,Vitamin D Test
claiming a vitamin D level test,Vitamin D Test
need to claim my vitamin D screening,Vitamin D Test
got blood work done to check vitamin D,Vitamin D Test
I bought a commode with wheels,Wheeled Commode (purchase)
purchased a wheeled commode chair,Wheeled Commode (purchase)
claiming a rolling commode,Wheeled Commode (purchase)
need to claim a wheeled bedside commode,Wheeled Commode (purchase)
I bought a wig after chemotherapy,Wig
claiming a medical wig,Wig
purchased a wig for hair loss due to treatment,Wig
need to claim a wig for alopecia,Wig
I had an x-ray taken,X-Ray
claiming an x-ray for my broken wrist,X-Ray
need to claim my x-ray from the clinic,X-Ray
had x-rays done on my foot,X-Ray
